dp;case_name;status;max_displacement_m;max_displacement_pct;max_rotation_deg;max_velocity_ms;max_sph_force_N;max_contact_force_N;max_flow_velocity_ms;max_water_height_m;sim_time_reached_s;n_timesteps;tiempo_computo_min;error
0.02;conv_dp0020;OK;3.494774784630621;3480.138200530617;95.82118914621704;1.1611626233827026;166.42047355602014;2254.099667157599;0.4890223308680523;0.158711;9.999048;9500.0;13.242985157171885;
0.015;conv_dp0015;OK;3.433462115696196;3419.08231725208;97.23355899888419;1.268757305839852;76.99588216865887;4914.898053439562;0.4735679331260537;0.15641;9.99911;9500.0;11.675925532976786;
0.01;conv_dp0010;OK;3.068731936403211;3055.879676719678;60.33987910626132;1.118686;45.27062616951637;130.6667453524423;0.5200153213335365;0.163022;9.999006;9500.0;23.733974726994834;
0.008;conv_dp0008;OK;2.4074577217839157;2397.3749669331423;87.14625264904403;1.138058;34.88101238214424;3229.07130052156;0.5278482658532184;0.165411;9.999031;9500.0;30.337374222278594;
0.005;conv_dp0005;FALLO_SIM;;;;;;;;;;;120.0375974615415;Timeout (7200s) en C:\Users\ProyBloq_Cortes\Desktop\CarpetaTesis\ejecutablesWindows\DualSPHysics5.4_win64.exe
